"","team_season","MP","new_LA_RAPM","new_LA_RAPM__Def","new_LA_RAPM__Off","new_RAPM","new_RAPM__Def","new_RAPM__Off"
"1","2009-10 - ATL",18963.4483333333,23639.7512666667,1162.66376666666,22480.1675166667,26505.4262833333,2853.97821666667,23625.6160833333
"2","2009-10 - BOS",19130.7366666667,16286.39275,10400.6268666667,5891.73893333334,20262.8357833334,13880.0539,6391.54740000001
"3","2009-10 - CHA",18933.39,2285.11263333334,12623.8715333333,-10315.5536666667,11572.5773833333,16304.4880333333,-4662.28828333333
"4","2009-10 - CHI",17224.0033333333,-4910.59871666667,407.320150000003,-5342.73368333333,-3360.57761666666,4938.73590000001,-8274.4987
"5","2009-10 - CLE",18270.95,35036.4312166666,9683.34931666667,25322.2764666666,38059.0085833333,10184.3135333333,27844.2453333333
"6","2009-10 - DAL",21196.415,15734.5573833333,9411.07433333334,6379.87805000001,26087.78355,13481.7732666667,12602.0161666667
"7","2009-10 - DEN",19323.57,23837.1051,2267.05656666666,21575.3094,25474.0135333333,3425.5647,22061.1648833333
"8","2009-10 - DET",19136.2033333333,-1372.3546,-7918.87528333334,6484.48503333334,-9841.14536666668,-11164.9581,1298.2301
"9","2009-10 - GSW",17731.44,-1460.21561666666,-5632.96896666666,4123.29273333333,-7286.13033333332,-9565.85239999999,2289.09655
"10","2009-10 - HOU",19862.4916666666,9636.50296666665,3849.80938333333,5769.20333333332,6826.91758333332,637.525599999999,6180.96854999999
"11","2009-10 - IND",18866.7483333333,1686.02866666668,5497.05121666666,-3833.67241666665,-4836.19246666665,3157.49893333333,-7969.22033333332
"12","2009-10 - LAC",18080.2516666667,-12862.9014666667,-5807.47438333334,-7006.81648333333,-15398.2781666667,-8353.37408333335,-7048.5431
"13","2009-10 - LAL",19233.9816666667,20160.2676333333,10106.3832333333,10027.8366833333,28416.5372833333,16737.30545,11611.86475
"14","2009-10 - MEM",20535.615,4310.52879999998,-7562.54711666668,11885.93815,3316.67588333331,-5897.46976666667,9249.60894999998
"15","2009-10 - MIA",17602.5416666667,16428.3723833333,7906.13301666666,8530.50948333333,18575.2478333333,9760.02181666667,8815.22601666667
"16","2009-10 - MIL",18660.405,12167.6446333333,18238.02685,-6108.12625,16434.8528166667,18657.55615,-2194.13879999999
"17","2009-10 - MIN",19374.0183333333,-25045.875,-8547.3324,-16547.8507166667,-25680.7749166667,-10932.2054166667,-14695.7908166667
"18","2009-10 - NJN",15941.4183333333,-17097.7542666667,-8107.0585,-8996.91273333334,-21505.5768833334,-10165.4802333333,-11368.0897333334
"19","2009-10 - NOH",11322.7616666667,-6784.53735000002,-9160.72246666668,2349.37518333333,-4308.95343333334,-7439.49978333334,3101.05983333333
"20","2009-10 - NYK",16222.0516666667,-6190.10638333334,-13531.6494666667,7328.74635,-5067.74908333333,-12665.38275,7632.44486666667
"21","2009-10 - OKC",17487.9833333333,24882.4301333333,9412.85133333333,15486.32025,23621.6986833333,12694.9714333333,10964.2027166667
"22","2009-10 - ORL",17621.0566666667,28424.8312,15642.9215833333,12789.3649,30316.1018666667,15414.4257333333,14920.27665
"23","2009-10 - PHI",18425.7966666667,-265.449250000002,-19.2873833333506,-277.117316666652,-7679.80058333334,-9423.26365000002,1772.29031666668
"24","2009-10 - PHX",19366.2016666667,18185.7013666667,-6458.48703333333,24652.15855,27272.3307333333,-5953.76,33191.9408166667
"25","2009-10 - POR",19786.75,22689.9658166667,3344.32554999999,19392.0669166667,27013.5418166667,7440.45836666665,19552.05115
"26","2009-10 - SAC",18565.0883333333,-5542.37706666667,-3685.346,-1829.02958333334,-8558.31916666667,-4865.74346666666,-3642.74510000001
"27","2009-10 - SAS",17340.3233333333,25940.9432,8356.23351666667,17545.1819833333,24754.7695166667,10862.2747333333,13879.6519666667
"28","2009-10 - TOR",17867.54,4726.71395,-13274.9479166667,17964.4198,2058.34351666666,-15545.33225,17621.3223666667
"29","2009-10 - UTA",17729.7033333333,27454.514,9506.96148333333,17967.7982333333,28142.0574166667,10011.3220166667,18110.4151333333
"30","2009-10 - WAS",13711.085,-12047.64475,-4864.83311666667,-7175.47693333334,-11727.2471666667,-6862.89663333333,-4900.54758333333
"31","2010-11 - ATL",18839.1883333333,2899.18075000002,-515.772933333342,3475.37148333336,1678.88006666668,1107.20226666666,642.662600000018
"32","2010-11 - BOS",18501.6333333333,26722.7506666667,17567.2795,9132.94750000002,25839.7072166667,18803.77405,7079.64930000001
"33","2010-11 - CHA",18404.3916666667,-17014.7738,-8577.9446,-8453.14231666667,-17727.5322,-6796.44246666666,-10958.5478333333
"34","2010-11 - CHI",20451.3933333333,30256.9349666667,19794.4375,10430.4182833333,32767.4737,23772.73545,8957.44520000002
"35","2010-11 - CLE",19533.0016666667,-12959.5293166667,-6958.71693333333,-5963.41756666667,-20383.44495,-14193.85025,-6153.9726
"36","2010-11 - DAL",20305.52,22408.7076833334,6846.90365,15532.141,25931.9289166667,11589.7390166667,14289.3244
"37","2010-11 - DEN",21672.0083333333,20721.9978,1898.71733333336,18816.7371833333,27908.7781166667,5124.76251666668,22786.9794666667
"38","2010-11 - DET",19880,-6513.69111666664,-17385.59045,10870.5943,-7913.99074999998,-17165.6747,9222.64553333335
"39","2010-11 - GSW",17890.3383333333,-1709.65348333333,-9479.05193333333,7744.15986666666,1573.4472,-9280.34936666666,10834.1498166667
"40","2010-11 - HOU",18087.24,13774.0649166666,-453.96813333335,14194.33595,12508.3998333333,-1391.61978333335,13857.01255
"41","2010-11 - IND",18940.9116666667,6042.96404999998,3213.16178333333,2838.67793333332,1991.12544999998,3123.01153333332,-1147.91185000002
"42","2010-11 - LAC",19380.685,560.381916666689,-4930.07838333333,5533.92705000001,-8097.09439999998,-6378.409,-1692.52414999999
"43","2010-11 - LAL",19527.0216666666,28150.3736,9036.67359999999,19114.6436666667,32959.56585,13241.2372833333,19669.7837
"44","2010-11 - MEM",21254.5966666667,31060.7033333333,10718.7894666667,20328.8981833333,21686.0971166667,8656.30146666667,12959.1828333333
"45","2010-11 - MIA",18364.285,40998.9845833334,8961.70906666666,32007.2768,37736.7266833333,11496.9299333333,26246.03615
"46","2010-11 - MIL",19661.5766666667,2066.81006666668,13609.9012833333,-11525.6916666666,4370.45971666668,18067.949,-13653.95505
"47","2010-11 - MIN",18114.84,-15913.2304833333,-6521.99498333334,-9403.80981666665,-14513.6613666667,-9323.47258333334,-5152.0884
"48","2010-11 - NJN",17947.815,-4741.29711666667,-12866.4854833333,8153.39226666668,-12542.5159666667,-11506.9760166667,-1042.10063333333
"49","2010-11 - NOH",19944.2166666667,17546.4851833333,7076.86048333331,10467.0416166667,10326.2003333333,4945.67966666665,5380.52066666666
"50","2010-11 - NYK",18623.275,3095.21988333333,-15483.31995,18589.9467666667,5249.75739999999,-15807.49415,21045.4606
"51","2010-11 - OKC",19076.2116666667,28091.6211333333,2971.01583333333,25109.9090333333,23187.9305333333,3529.16461666667,19701.2644666667
"52","2010-11 - ORL",19415.88,26032.5158166667,8099.56630000002,17888.99775,26306.7894666667,11849.2920833333,14464.8626333333
"53","2010-11 - PHI",19824.1316666667,15255.9786833333,8078.38158333332,7174.35980000001,14392.1305666667,9452.9693,4921.21735
"54","2010-11 - PHX",19463.6,12216.5057333333,-9640.60976666668,21861.824,8601.74848333331,-7597.67303333335,16237.6658833333
"55","2010-11 - POR",20147.0583333333,34339.5677666667,11502.1514666667,22813.1436333333,25435.2743833333,7302.62685,18129.8731666667
"56","2010-11 - SAC",16827.95,-5944.69356666668,-5091.79113333334,-870.660333333338,-6223.17806666667,631.330116666672,-6837.69921666667
"57","2010-11 - SAS",18204.0583333333,28915.0114666667,9586.65873333332,19331.2732833333,29302.7093333333,9059.97408333332,20221.31365
"58","2010-11 - TOR",18657.5933333333,-10180.64725,-20057.9595833333,9851.19513333334,-18840.1475833333,-21210.2033833333,2332.87646666667
"59","2010-11 - UTA",20598.6316666667,5527.19893333331,-578.762583333335,6071.62659999998,-365.112533333356,-7111.70896666667,6684.04429999998
"60","2010-11 - WAS",17942.5083333333,-12391.4443333333,-8823.76005,-3601.21533333332,-16893.1628166667,-9289.78466666667,-7605.53881666666
"61","2011-12 - ATL",16145.0666666667,12330.9269666667,7909.5058,4443.24999999999,16136.3763333333,7735.54506666667,8418.89331666665
"62","2011-12 - BOS",16366.91,5457.92056666667,9762.46626666666,-4348.13956666666,14394.6054666667,16232.8449333333,-1836.91323333333
"63","2011-12 - CHA",14871.5933333333,-30663.6944666667,-17330.4576833333,-13341.5539666667,-34171.0063,-17612.5457,-16573.1131833333
"64","2011-12 - CHI",15940,22367.5584666667,13869.93985,8481.26898333334,29125.0474666667,16124.71575,13003.59515
"65","2011-12 - CLE",14312.4083333333,-12373.3683833333,-11472.1929333333,-892.967183333316,-15729.1874666666,-11881.6732833333,-3835.34766666664
"66","2011-12 - DAL",16000.0316666667,12401.1873666667,8199.86415,4232.27958333333,10950.4545,9147.44401666666,1798.93789999998
"67","2011-12 - DEN",16317.5466666667,16289.50195,-1443.44054999998,17675.4803666667,8142.33593333335,-7469.02518333331,15615.8236
"68","2011-12 - DET",15965,-9425.57631666667,-3195.45653333332,-6205.06988333334,-11078.3455666667,-6704.09456666665,-4380.97605000001
"69","2011-12 - GSW",14855.9783333333,-9285.36338333332,-5454.30613333332,-3838.72411666667,-10340.6580333333,-12212.2597166666,1837.62353333332
"70","2011-12 - HOU",16196.4333333333,3693.97928333334,-1523.21625,5214.09296666667,8538.81296666666,1758.15955,6775.43746666667
"71","2011-12 - IND",16935.54,10833.5213833334,2012.80906666668,8801.62508333335,15641.5176333334,3531.96823333335,12093.3476166667
"72","2011-12 - LAC",16912.5916666667,22098.1920666667,-960.642166666668,23081.22795,15978.49075,-2448.4995,18383.74975
"73","2011-12 - LAL",16458.19,13065.0399333333,2127.57868333333,10958.16475,13869.6211833333,1407.45735,12437.8641
"74","2011-12 - MEM",16014.6716666667,14794.8695,10158.6572833333,4630.11408333333,14844.42475,10237.3629333333,4599.32881666666
"75","2011-12 - MIA",16069.8766666667,22200.1580666667,12711.7302666667,9545.72065000001,26548.0701333334,12615.5046333334,13970.0984666667
"76","2011-12 - MIL",17345.4566666667,5775.14908333333,-506.986383333332,6308.30943333333,9068.41438333331,-286.736700000005,9361.57711666665
"77","2011-12 - MIN",15940,1195.55835,-4385.61335000001,5571.94646666668,-142.432099999985,-3785.95581666667,3637.60361666669
"78","2011-12 - NJN",17397.7366666667,-9249.66425,-10027.1829166667,764.448100000001,-9803.31840000001,-9691.24148333334,-47.148833333339
"79","2011-12 - NOH",16088.0666666667,-10544.02685,-6199.04975,-4339.89936666667,-5218.61079999999,-571.820033333332,-4611.31073333333
"80","2011-12 - NYK",15940,16091.4382,8553.53210000001,7575.05953333334,14361.86725,9185.47391666668,5191.19471666667
"81","2011-12 - OKC",17090.925,25114.8899833333,7396.32105,17709.4300833333,26953.5189166666,8162.80195,18771.4706833333
"82","2011-12 - ORL",16028.2833333333,12065.0959333333,2261.75666666668,9786.83008333332,12745.11305,2016.01046666668,10751.8962666667
"83","2011-12 - PHI",16154.61,12786.8177833333,12136.1027,668.824216666657,18458.2234333333,14539.9953,3931.32344999999
"84","2011-12 - PHX",15840,10927.83845,-1968.15811666666,12926.5247166667,6383.42120000001,-2719.8409,9104.79125
"85","2011-12 - POR",14272.74,-199.908333333351,-4531.49025000002,4349.20258333333,1160.73773333332,-7270.52263333334,8374.30471666667
"86","2011-12 - SAC",15451.6883333333,-3577.61543333335,-12760.4468166667,9178.05798333332,-9419.48781666668,-13381.9812333333,3922.07554999999
"87","2011-12 - SAS",16483.3783333333,24292.4956333333,7228.11988333331,17091.06125,27499.0819,7756.43991666665,19754.70035
"88","2011-12 - TOR",15050.7366666667,-10384.1129666667,-4931.68813333334,-5486.66704999998,-3879.65606666666,539.375133333321,-4425.64713333332
"89","2011-12 - UTA",16185.5666666667,7181.28940000001,-4312.19559999999,11474.1191,9515.07521666667,-1377.64958333333,10880.0090166667
"90","2011-12 - WAS",14418.9733333333,-3615.11909999999,-2371.96296666667,-1259.28068333333,-3176.55471666666,-1435.21508333333,-1732.24509999999
"91","2012-13 - ATL",20287.215,11214.8774333333,10275.9208333333,888.624866666678,8385.73288333334,6675.01095,1714.47921666667
"92","2012-13 - BKN",19878.2883333333,11346.4260833333,-1597.42056666665,12938.9216166667,12388.8013333334,-1747.98128333332,14154.6898833333
"93","2012-13 - BOS",20594.9416666667,-308.831083333317,4901.17448333334,-5228.50139999999,3720.65615000002,10044.4800833333,-6361.83858333332
"94","2012-13 - CHA",20712.4633333333,-21732.1357,-12804.5155666667,-8948.99741666668,-27777.82135,-18458.1791666667,-9336.03423333334
"95","2012-13 - CHI",20014.4016666667,3256.02245000002,7692.99138333335,-4440.53526666666,8334.04411666668,10974.8565333333,-2641.17103333333
"96","2012-13 - CLE",20509.6083333333,-10586.1798,-10609.4283333333,23.7138500000004,-11734.713,-11793.4120833333,83.5460500000026
"97","2012-13 - DAL",19416.9916666667,5189.94769999999,1340.84168333332,3827.70408333333,6077.06856666665,218.181983333323,5867.87503333333
"98","2012-13 - DEN",19905,25102.30735,1881.17205,23201.7293333333,25990.8642666666,4525.81549999999,21418.7030166667
"99","2012-13 - DET",19272.8583333333,-13185.8681666667,-8138.21393333332,-5027.76075000001,-16182.4334333333,-10666.9487333333,-5588.60861666668
"100","2012-13 - GSW",19451.345,7235.8874,2383.7196,4863.01786666667,10280.2887666667,3455.81126666666,6819.07979999999
"101","2012-13 - HOU",18667.2133333333,13715.9783166667,2999.68926666667,10734.2303833333,16212.7254833333,1567.70231666667,14659.0859833333
"102","2012-13 - IND",19964.845,19119.4915833333,16358.9512166667,2743.1155,19785.9616333333,20242.93025,-441.077166666673
"103","2012-13 - LAC",19894.8833333333,34628.4509166667,12334.4326166667,22297.0244,32670.5404666667,7892.70580000001,24770.7611166667
"104","2012-13 - LAL",19755,12377.6577166667,-1842.54846666666,14200.7483,14162.8912166667,-12.7114166666561,14138.8435
"105","2012-13 - MEM",19917.6633333333,15637.84105,12439.6119333333,3151.07456666667,25190.4731166667,20724.5775166667,4547.49176666667
"106","2012-13 - MIA",19857.39,28526.0541,4682.62493333333,23830.6443166667,35109.6235333333,5371.76421666667,29741.08975
"107","2012-13 - MIL",21030.68,-5050.83896666669,-3339.90278333333,-1701.96076666669,3759.09778333332,178.471666666673,3523.09286666664
"108","2012-13 - MIN",19568.7683333333,4994.8357,4960.0316,14.1409499999985,-1116.41048333333,4755.19559999999,-5856.93733333333
"109","2012-13 - NOH",20076.9466666667,-3884.94506666668,-9714.41058333335,5796.93801666666,-6013.91550000001,-11899.61545,5941.16301666666
"110","2012-13 - NYK",19141.0266666667,15916.0833,-2451.12933333332,18368.90055,24041.7748166667,-662.356866666659,24707.5217666667
"111","2012-13 - OKC",20378.2266666667,33213.8050833333,13950.3594666667,19266.6503333333,42311.0813666667,16653.1218666667,25641.2153833333
"112","2012-13 - ORL",17894.1266666667,-15934.8016166667,-10236.59235,-5658.00348333333,-21355.7278833333,-8684.00486666666,-12651.9524666667
"113","2012-13 - PHI",20321.2616666667,-7186.7899,1747.79648333333,-8957.21531666667,-3950.66586666667,3451.03935000001,-7368.15976666667
"114","2012-13 - PHX",20251.3016666667,-6652.66955000001,-1086.41806666667,-5557.73431666667,-15980.7247333334,-6115.73038333335,-9845.5106
"115","2012-13 - POR",20245.9266666667,-6239.86593333334,-13853.6223166667,7598.26956666666,-3311.02365000001,-10445.6234833333,7151.34456666665
"116","2012-13 - SAC",19696.09,-6886.48245000002,-16019.59475,9134.16618333332,-3769.20441666668,-16834.68875,13083.1498
"117","2012-13 - SAS",19785.96,24786.1065666667,15999.4656166667,8787.76713333334,28705.9838833334,17181.3314166667,11519.1965833333
"118","2012-13 - TOR",19725.3233333333,3594.52491666666,1020.73031666666,2583.81966666667,7313.91196666666,1634.45315,5684.97211666666
"119","2012-13 - UTA",19880,3475.9202,280.573500000011,3174.74133333333,6530.30830000001,-1042.56078333331,7576.04248333332
"120","2012-13 - WAS",18373.8633333333,-9180.28069999999,8045.41248333335,-17277.8691166667,-265.166966666657,10505.3315,-10832.88185
"121","2013-14 - ATL",19801.5733333333,10244.9108333333,1388.67786666665,8898.77231666667,4003.09309999999,1107.54756666666,2858.79758333333
"122","2013-14 - BKN",20706.1333333333,8545.02778333333,-1686.65705000002,10241.9837,2966.26403333333,-1934.01096666667,4851.875
"123","2013-14 - BOS",18640.7683333333,-13663.9771833333,-4319.66601666665,-9376.58833333332,-11789.4089666667,-4001.41776666666,-7803.9105
"124","2013-14 - CHA",19706.6033333333,10421.5768833333,12912.6267666667,-2502.45510000002,2646.25831666665,6954.27589999999,-4283.41135
"125","2013-14 - CHI",19802.8983333333,16537.3115,18905.1549333333,-2361.82506666667,10060.37075,17276.9576166667,-7241.86645
"126","2013-14 - CLE",21138.4083333333,5308.04638333334,1300.4528,4047.84738333334,-6783.7716,-5124.72806666667,-1692.0367
"127","2013-14 - DAL",19830,17371.7527333333,-2673.29286666667,20086.7610166667,12848.3435,-2547.55976666666,15400.9065833333
"128","2013-14 - DEN",19700.6616666667,1665.51423333331,-4927.82388333334,6604.02823333331,-1865.66468333334,-3737.34788333333,1878.67573333333
"129","2013-14 - DET",19780,2931.83506666666,-10824.7610833333,13787.0240166666,-9484.4445,-11207.7109333333,1699.484
"130","2013-14 - GSW",21366.26,33533.0456833333,15600.0897,17936.0292,22917.2350833333,16036.7611833333,6861.00148333331
"131","2013-14 - HOU",19625.7983333333,26238.6744666667,2476.40165000001,23776.2888333333,20030.3913833333,3824.76793333333,16147.06085
"132","2013-14 - IND",22109.89,21630.2924666667,27319.7215,-5674.30098333334,15027.00875,21023.5069333333,-5992.96098333333
"133","2013-14 - LAC",21541.9016666667,39072.2266666667,5785.75754999997,33291.8562333334,27515.0645,8394.0395,19073.36445
"134","2013-14 - LAL",19169.9816666667,-15313.1716,-10923.5588333334,-4386.81619999998,-14827.3846333333,-10716.288,-4120.03523333333
"135","2013-14 - MEM",20490.6983333333,22192.97115,12090.8453833333,10147.3265833333,10766.66965,8480.12675,2306.25106666666
"136","2013-14 - MIA",20111.1183333333,30184.5854833333,2641.72035000001,27527.35225,18700.3230666667,1786.52396666667,16965.8045166667
"137","2013-14 - MIL",19250.815,-12850.8739,-11844.052,-1004.96379999999,-21231.7181333333,-13809.2348666667,-7427.84755
"138","2013-14 - MIN",19922.7666666667,25026.00195,4306.3745,20725.35625,14739.9144,3210.91238333334,11563.57085
"139","2013-14 - NOP",19648.7383333333,1826.92769999998,-11522.5993666667,13385.78105,-3728.62680000002,-8295.39326666668,4590.23044999999
"140","2013-14 - NYK",20068.5516666667,481.381000000029,-6371.73589999999,6860.75416666668,437.973483333349,-7233.87779999999,7653.3578
"141","2013-14 - OKC",20626.0816666667,32465.8129833333,12799.3744333333,19690.01075,25472.3855333333,11210.4751333333,14235.2030666667
"142","2013-14 - ORL",18732.3833333333,-6099.53530000001,115.382849999985,-6249.8205,-13942.3908833333,-3802.84455000001,-10141.7133833333
"143","2013-14 - PHI",15630.5383333333,-27812.2432333334,-13868.0188333333,-13907.0700666667,-25483.5154333333,-11056.6031166667,-14473.5448166667
"144","2013-14 - PHX",19755,15462.2634833333,-541.848433333342,16007.3513333333,14059.32145,1313.19281666666,12730.7351666667
"145","2013-14 - POR",19855,29028.2244666667,105.152850000009,28941.0195166667,19347.40415,-356.242166666665,19726.8278166667
"146","2013-14 - SAC",18191.1716666667,5822.92943333333,-1506.418,7371.64263333333,-3986.87295000001,-4234.46431666667,204.019733333331
"147","2013-14 - SAS",19335.4033333333,35787.7802,19175.5334,16568.2473166667,26929.5781166667,13833.10715,13082.4696166667
"148","2013-14 - TOR",20925.3233333333,23540.12785,7501.31164999999,16038.8162,14267.9098833333,3923.16426666666,10401.1309333333
"149","2013-14 - UTA",19794.6666666667,-7844.23308333333,-10887.916,3107.68105000001,-17892.7338166667,-13377.3936,-4572.379
"150","2013-14 - WAS",19940.715,10839.66055,7583.45175,3231.48308333333,9055.67338333333,6378.88906666666,2715.92178333334
"151","2014-15 - ATL",19979.0633333333,13837.2304333333,5872.48198333333,7974.50501666667,21664.5864,6925.4603,14771.77685
"152","2014-15 - BKN",20592.7366666667,-4002.97771666666,-8335.19189999999,4295.57013333333,-6227.46256666665,-8111.83361666666,1954.50268333334
"153","2014-15 - BOS",19175.1633333333,5547.62536666668,-857.278333333327,6427.05188333333,7193.0048,2629.85488333334,4509.05773333333
"154","2014-15 - CHA",20385.305,-101.959116666672,8438.05555,-8510.45236666667,-2789.57401666666,7003.06568333334,-9820.47333333333
"155","2014-15 - CHI",19880,11600.6279166667,3767.08060000001,7839.81513333333,15930.0406333333,6323.09986666667,9591.77113333332
"156","2014-15 - CLE",22203.6183333333,15937.8591666667,-2926.18953333332,18885.9750833333,24048.7433166667,715.314100000006,23362.0215666667
"157","2014-15 - DAL",20132.635,12410.5421666667,2695.0678,9677.08491666666,12964.7297666667,-114.824233333336,13113.6722333333
"158","2014-15 - DEN",18078.89,-1044.39161666666,-5827.04130000001,4816.65236666668,-6138.04514999999,-6650.16766666667,517.692400000014
"159","2014-15 - DET",19120.3383333333,4846.67263333333,-1108.70663333334,5957.88028333333,3394.60418333332,-3087.33095,6507.80318333333
"160","2014-15 - GSW",19730,30633.4235666667,15895.5513166667,14689.9049833333,37899.7130166667,16330.1276166667,21595.7174
"161","2014-15 - HOU",22782.0466666667,9577.74328333332,2675.9939,6832.17645,14733.9196666667,8819.96825,5907.05316666666
"162","2014-15 - IND",19662.005,1525.12058333333,6384.00558333334,-4820.85585,3360.33291666666,5979.62465,-2594.21923333334
"163","2014-15 - LAC",20113.02,23843.4825166666,1465.12644999999,22388.81175,29382.58665,1841.05954999999,27539.6864166666
"164","2014-15 - LAL",20322.7116666666,-16401.9113833333,-10965.17245,-5404.71216666666,-16013.5316666667,-12247.2440666667,-3751.93253333333
"165","2014-15 - MEM",19912.7466666667,15316.73465,12170.9819666667,3130.94325,14237.5504666667,10838.3159333333,3416.9114
"166","2014-15 - MIA",18504.4033333333,-1054.97853333333,-4649.77363333334,3543.50976666667,1335.37873333333,-1553.72313333334,2882.22471666668
"167","2014-15 - MIL",20717.1683333333,1329.16411666667,10284.4424,-8921.46816666666,8947.92983333333,14761.3039,-5774.09223333332
"168","2014-15 - MIN",17987.8066666667,-18636.2819833333,-12987.9436333333,-5655.44368333333,-23315.5796666667,-16900.4618166667,-6456.51578333334
"169","2014-15 - NOP",20442.1516666667,1000.43598333333,-5831.98011666667,6827.12073333334,8612.46378333334,-3239.79145,11839.5763666667
"170","2014-15 - NYK",17836.4833333333,-20913.0042166667,-6064.1473,-14836.70115,-25452.4845,-11842.4969333333,-13639.0918166667
"171","2014-15 - OKC",21617.335,6172.48224999999,-2940.52223333334,9114.04041666666,9302.05143333332,-1175.73765000001,10415.4283333333
"172","2014-15 - ORL",19755,-7216.57676666667,-1655.13923333334,-5572.57356666667,-13894.8191333333,-6624.25418333334,-7256.95696666667
"173","2014-15 - PHI",17573.4516666667,-16734.89235,2361.87191666667,-19106.0823833333,-20262.9197166667,1788.87168333334,-22113.0227
"174","2014-15 - PHX",19390.0583333333,5810.05551666665,4638.17795,1186.94719999999,1535.59831666665,2585.86641666666,-1083.37771666668
"175","2014-15 - POR",21595.97,15428.3542833333,2733.5097,12750.7230333333,18940.8032833333,5175.97106666667,13817.28455
"176","2014-15 - SAC",19782.335,-8546.20031666667,-9687.81696666667,1112.2929,-4278.05721666667,-8752.1546,4394.22485
"177","2014-15 - SAS",19661.87,23837.1685666667,14497.4417666667,9288.51651666666,24766.9443,13250.4004166667,11529.9301166667
"178","2014-15 - TOR",19924.4216666667,10626.0240333333,-8142.98895,18766.61775,14791.41575,-6255.23973333332,21091.6308
"179","2014-15 - UTA",18392.09,9456.98988333333,6341.48278333333,3102.20343333333,8183.33925,5811.84783333333,2384.61963333333
"180","2014-15 - WAS",19949.175,5008.8094,7869.37061666666,-2832.48038333333,8416.11618333333,8906.19573333333,-440.509299999999
"181","2015-16 - ATL",20482.845,11059.5430333333,11616.5031833333,-553.936449999998,13709.9514166667,15220.6381333333,-1528.26336666667
"182","2015-16 - BKN",17938.1683333333,-14321.9177833333,-7782.37778333333,-6539.54000000001,-18883.24095,-11425.1403833333,-7424.06593333334
"183","2015-16 - BOS",19310.025,11449.8205,5151.54378333334,6294.29058333332,14229.36095,9072.31601666667,5144.39536666666
"184","2015-16 - CHA",20118.3,8622.96681666667,4926.83006666667,3675.89170000001,16867.7782666667,8093.05731666666,8763.31631666668
"185","2015-16 - CHI",19669.1183333333,-5967.60208333333,-2830.80428333333,-3157.77203333333,712.615583333328,706.034883333325,-14.8606166666636
"186","2015-16 - CLE",20436.2683333333,23708.3773666667,4007.55468333333,19664.67745,26494.731,5869.23671666667,20595.3505666667
"187","2015-16 - DAL",20281.5733333333,110.339433333336,-4523.88828333333,4652.08646666667,4148.62850000001,272.399600000008,3966.22083333334
"188","2015-16 - DEN",19617.4583333334,-315.977516666653,-3384.73049999999,3065.69873333334,-6695.19835,-7286.94333333333,598.041616666671
"189","2015-16 - DET",19609.67,12202.2202333333,5079.67985,7070.04540000001,10793.2166333333,5485.8698,5318.08360000001
"190","2015-16 - GSW",20010.8616666667,25075.6575333333,6936.14006666666,18163.50775,40240.3434,11554.7707166667,28690.8973666667
"191","2015-16 - HOU",18204.6433333333,11813.9486833333,-935.50618333334,12753.0287333333,7995.08778333333,-2868.35240000001,10886.2983
"192","2015-16 - IND",20326.6933333333,2030.96534999998,6269.99874999999,-4258.68185,7717.36896666665,11873.5514,-4142.51058333333
"193","2015-16 - LAC",20246.8716666667,13513.0686333333,7273.82660000001,6255.3207,20177.3935333333,9725.55293333334,10451.8406
"194","2015-16 - LAL",19730,-25424.5104666667,-18742.48175,-6656.2332,-27907.4192166667,-15601.72295,-12276.7194166667
"195","2015-16 - MEM",17422.29,-1816.23108333333,-1611.59818333333,-205.792799999999,-7285.75436666666,-5258.98549999999,-2040.93291666666
"196","2015-16 - MIA",22537.9233333333,10105.45185,4019.28618333334,6089.929,12154.8843,6555.74778333334,5621.38915
"197","2015-16 - MIL",19799.4766666667,-6409.11308333333,-4500.5042,-1907.61568333333,-7014.29714999999,-6017.21099999999,-1019.19015
"198","2015-16 - MIN",18765.1216666667,-3935.04078333333,-8678.08553333333,4747.737,-4208.21451666666,-8301.32756666666,4093.11305
"199","2015-16 - NOP",19516.5316666667,-3544.83428333332,-1960.72458333333,-1577.05721666666,-5868.07699999998,-5504.51018333332,-346.004733333331
"200","2015-16 - NYK",19944.2666666667,-7239.05303333332,-6208.51876666666,-1087.38225,-3614.76656666665,-3203.08514999999,-433.621766666661
"201","2015-16 - OKC",20356.2016666667,23493.9761166666,993.410533333332,22524.5908,29147.5467166666,5067.28336666667,24063.8483
"202","2015-16 - ORL",19390.6983333333,-5825.43368333333,-2489.50015,-3383.22861666667,-5139.9504,-3093.32383333333,-2045.13898333334
"203","2015-16 - PHI",19339.2283333333,-18836.8290333333,-4277.4522,-14570.8353,-24978.6986333333,-8059.39288333333,-16903.4001
"204","2015-16 - PHX",19377.665,-13195.8420333333,-2551.38815,-10689.2157166667,-16068.2146333333,-6313.11215,-9733.29673333332
"205","2015-16 - POR",20150.0866666667,5038.12965000002,-642.256266666655,5642.90143333334,8283.91323333334,-2529.66333333333,10828.5055166667
"206","2015-16 - SAC",19805,-2164.95913333333,-2620.8547,454.547950000004,-2692.84851666667,-4426.3481,1683.4246
"207","2015-16 - SAS",21055.9666666667,27484.7442166667,19376.23005,8148.94873333334,34673.1748166667,23422.4865833333,11316.6837166667
"208","2015-16 - TOR",19958.98,17075.62335,5754.78016666666,11338.4818,20068.7518833333,3230.07015,16903.5702333333
"209","2015-16 - UTA",20099.6966666667,8978.70001666667,6451.10501666667,2522.53813333334,9872.92916666667,7749.20096666667,2118.8822
"210","2015-16 - WAS",21348.37,7548.1476,9126.94021666667,-1557.24455,5623.2322,4549.47038333334,1043.88908333333
"211","2016-17 - ATL",21149.3616666667,3361.0384,9560.3348,-6206.59563333333,2384.6672,10421.6422,-7954.96156666667
"212","2016-17 - BKN",18570.1466666667,-10971.4777,-2025.01863333334,-8969.58728333333,-11761.85655,-2744.52763333333,-9033.41353333332
"213","2016-17 - BOS",19755,4325.03956666666,-3752.22438333334,8116.81026666667,13365.62655,779.462033333322,12588.36555
"214","2016-17 - CHA",18934.92,9725.34653333333,3395.76773333333,6332.62701666666,9077.92241666666,1246.8152,7814.13809999999
"215","2016-17 - CHI",18886.3333333334,1531.32181666667,2369.07,-818.254166666667,5639.22460000001,6666.85550000001,-1000.67843333333
"216","2016-17 - CLE",21789.9766666667,18028.78575,-1816.72403333334,19797.0022333333,13878.60665,-4531.80691666668,18377.6345666667
"217","2016-17 - DAL",18659.8766666667,-603.321633333335,6243.1517,-6826.59535,-1430.68088333333,2927.54431666667,-4354.1114
"218","2016-17 - DEN",21088.3866666667,9003.03814999999,-6899.67011666667,15807.4294,8409.32699999999,-11106.5990833333,19518.4161666667
"219","2016-17 - DET",19805,2066.29251666666,5431.20278333333,-3389.50225,-49.7054333333368,4071.13138333333,-4098.91973333333
"220","2016-17 - GSW",21100.4616666667,36006.1591666667,7782.50811666667,28188.5516666667,40110.5452333333,14941.1900333333,25133.2325833333
"221","2016-17 - HOU",20269.3183333333,21793.55735,-5427.15084999999,27255.6521,22789.70115,-1797.65159999999,24570.93385
"222","2016-17 - IND",20084.8183333333,-529.977116666664,1377.59623333334,-1886.69631666667,4841.39031666667,1393.05185,3446.21766666667
"223","2016-17 - LAC",19755,11631.1427,2290.84485000001,9283.35633333334,18880.3127166667,3326.61175,15617.9729833333
"224","2016-17 - LAL",19129.66,-15516.6756166667,-8037.42078333334,-7501.20241666667,-14979.6424166667,-9189.39698333334,-5788.64213333333
"225","2016-17 - MEM",19534.05,4716.5594,3466.82641666666,1270.64026666667,8743.25633333333,6191.08123333332,2537.16951666667
"226","2016-17 - MIA",19402.9133333333,4267.55875000001,2210.82436666667,2062.98733333334,8622.10503333334,5257.33541666667,3354.29736666667
"227","2016-17 - MIL",21354.0333333333,1789.37411666667,-865.245266666665,2690.51798333333,2215.56491666665,-2656.24430000001,4817.44991666666
"228","2016-17 - MIN",20158.005,2640.29435,-7426.94931666666,10096.2832833333,1026.59635,-8938.27066666666,9994.6295
"229","2016-17 - NOP",18015.8883333333,2056.92823333334,3706.63126666667,-1626.4834,5324.2578,7211.58356666667,-1905.76965
"230","2016-17 - NYK",18500.91,-8414.12943333333,-9890.69161666666,1439.35605,-8119.27558333333,-8387.63076666667,213.430816666668
"231","2016-17 - OKC",20677.8666666667,9387.08516666665,5230.87954999998,4151.41271666667,10032.7452833333,5848.34498333331,4178.50045
"232","2016-17 - ORL",19444.3616666667,-5438.28553333333,-3515.50911666667,-1964.90264999999,-13177.1200666667,-6621.87568333334,-6551.34746666666
"233","2016-17 - PHI",17852.345,-13062.57935,-1801.26736666666,-11253.7023833333,-14579.85745,-847.381066666659,-13731.42475
"234","2016-17 - PHX",18203.115,-5495.36725,-4732.22861666666,-758.810016666672,-12852.1719,-9781.76143333333,-3059.81605000001
"235","2016-17 - POR",19221.605,4533.31235,-360.872099999998,4876.8426,2142.44053333333,-3507.65503333333,5684.97995
"236","2016-17 - SAC",18980.45,-15040.5511666667,-5167.4814,-9893.24486666666,-11138.5845833333,-6480.55021666666,-4603.83438333333
"237","2016-17 - SAS",19805,21350.6694833333,12283.78985,9059.31071666667,26036.9620166667,14907.5659333333,11138.5943833333
"238","2016-17 - TOR",21910.065,15165.9909833333,3765.8602,11423.7236333333,16807.5237666667,3598.4432,13260.4884666667
"239","2016-17 - UTA",19755,15645.51105,9287.32648333335,6358.5144,18131.4171833333,10691.55145,7420.76625
"240","2016-17 - WAS",22606.1316666667,7250.78094999999,-2313.3027,9572.69798333332,8965.26319999998,-3729.36816666667,12671.2643
"241","2017-18 - ATL",16831.0433333333,-9973.66213333334,-2238.2108,-7738.38435,-11462.2049,-4603.11415,-6895.61971666667
"242","2017-18 - BKN",19755.885,-6454.67389999999,-5294.41443333333,-1179.137,-6496.93503333332,-5153.98948333333,-1321.14838333333
"243","2017-18 - BOS",20343.7683333333,4885.92803333334,8117.25943333333,-3245.34361666666,15475.50555,14736.7009333333,693.050083333343
"244","2017-18 - CHA",20012.66,4365.75608333333,2321.8784,2056.43895,5053.9767,-2372.63984999999,7424.77148333332
"245","2017-18 - CHI",20128.935,-14186.3958,-4427.13358333333,-9760.42158333334,-17972.7963,-7269.95354999999,-10699.8877
"246","2017-18 - CLE",20265.2933333333,5783.83306666667,-6025.14011666667,11813.9537,5586.6499,-8527.88056666667,14122.0559666667
"247","2017-18 - DAL",20108.5416666667,-7881.04091666666,-2752.45571666666,-5171.84461666666,-7005.97519999999,-1736.45855,-5293.55783333333
"248","2017-18 - DEN",19935.1,6966.3011,-4840.52285,11826.63715,13030.88785,-4685.02268333333,17755.3074
"249","2017-18 - DET",20443.5633333333,-6180.15138333333,1256.918,-7444.02401666667,2422.91973333333,4048.2529,-1628.67341666667
"250","2017-18 - GSW",19730,18289.1676666667,4112.43941666666,14194.81525,22078.7590833333,4567.06001666667,17516.1401833333
"251","2017-18 - HOU",20619.5,25144.538,3105.47388333334,22061.9634666667,31206.1750666667,7272.91350000001,23946.3051166667
"252","2017-18 - IND",20643.9033333333,2308.8677,1642.89441666667,734.652916666661,8608.95601666667,3303.65941666667,5293.52716666666
"253","2017-18 - LAC",21074.22,-881.638600000005,-5804.8432,4900.75378333333,1413.82466666666,-6461.93216666667,7882.96673333333
"254","2017-18 - LAL",18078.9716666667,-2885.34178333333,-3554.70303333333,620.453183333331,-1890.16533333334,-1026.51375,-916.540000000006
"255","2017-18 - MEM",18442.55,-10079.8908833333,-2131.54736666666,-7921.6574,-11712.3247,-4052.83923333333,-7691.37828333334
"256","2017-18 - MIA",21522.2883333333,4137.14951666667,6320.9961,-2222.53563333333,6417.11378333334,7554.56035,-1171.46103333333
"257","2017-18 - MIL",19873.5116666667,10819.2896166667,2750.31788333333,8026.17483333333,4800.43849999999,-3479.33383333333,8283.4688
"258","2017-18 - MIN",19811.3416666667,15558.2119666667,-4384.59409999999,19946.8697666667,14788.41325,-4594.67313333332,19327.1736833333
"259","2017-18 - NOP",19586.88,11478.4534666667,4104.72746666666,7369.25586666667,13909.7827,6170.32975,7761.62833333333
"260","2017-18 - NYK",19026.8833333333,-5380.83506666666,-4829.12775,-568.084183333323,-8553.78174999999,-6787.58151666667,-1747.99511666666
"261","2017-18 - OKC",20524.1016666667,14892.3308,3122.71319999999,11801.4752,13134.24815,2941.10166666666,10217.3819
"262","2017-18 - ORL",18649.6116666667,-11389.5917666667,-4591.4068,-6800.44745,-9539.08058333334,-2850.26248333334,-6706.22525
"263","2017-18 - PHI",21648.4066666667,12831.84995,7406.3615,5471.72235,19401.48605,13118.43375,6301.75473333333
"264","2017-18 - PHX",19716.965,-15323.9844,-9600.58905,-5723.39535,-25381.0503833333,-14038.4638166667,-11352.04
"265","2017-18 - POR",19396.4966666667,10526.7726,7570.93143333334,2983.1917,12788.3021833333,7956.4941,4845.48356666667
"266","2017-18 - SAC",18475.1416666667,-15753.0520666667,-2297.24401666667,-13510.1100666667,-17562.4927,-6336.41758333334,-11294.8758333333
"267","2017-18 - SAS",19730,14210.1845666667,8231.98878333333,5983.43913333333,12561.8106166667,12301.0212333333,301.365816666657
"268","2017-18 - TOR",20135.7433333333,24514.46055,5729.33166666667,18762.3965833333,25995.22015,6737.93808333333,19260.50345
"269","2017-18 - UTA",19316.61,18451.78405,16642.0398166667,1865.94435,20270.4669833333,17058.13785,3253.63151666667
"270","2017-18 - WAS",20022.0833333333,1243.85823333334,-692.625249999994,1971.39141666667,6421.88251666668,1926.70811666667,4488.89993333334
"271","2018-19 - ATL",18547.5666666667,-14005.4241166667,-11010.6083333333,-2977.42201666666,-12790.4794166667,-10970.3295,-1811.23898333332
"272","2018-19 - BKN",19826.6166666667,-226.718683333335,-1209.17896666666,935.07863333333,3488.122,2009.82338333334,1496.8163
"273","2018-19 - BOS",19775.1833333333,11417.2190166667,6214.06181666667,5197.93468333334,17107.0771333333,8962.51516666667,8128.78778333333
"274","2018-19 - CHA",21034.31,1040.22781666666,-3599.36056666667,4688.99141666666,-442.74481666667,-6345.36201666666,5931.53651666666
"275","2018-19 - CHI",18240.6616666667,-11644.8898666667,-4976.58598333333,-6656.08185,-13777.53765,-6969.92848333333,-6826.7138
"276","2018-19 - CLE",18296.21,-18120.6962166667,-12040.37445,-6061.04038333333,-25588.97545,-20921.4924166667,-4686.40766666667
"277","2018-19 - DAL",17852.325,1516.2019,-4844.58266666667,6317.17216666666,-795.804849999999,-3257.26501666667,2434.61396666667
"278","2018-19 - DEN",19730,9887.23866666667,-1829.76701666666,11681.4431666667,17146.74625,6071.01699999999,11073.4855666667
"279","2018-19 - DET",18876.89,601.530249999994,1782.74116666666,-1165.85525,7882.68765,3435.20626666667,4444.85551666667
"280","2018-19 - GSW",19805,23695.0206666667,6647.8996,17016.7019,25879.5332166667,4796.86033333333,21054.9423166667
"281","2018-19 - HOU",20483.9083333333,14376.2166,-3044.32103333334,17451.2313,22669.4656,1341.66678333333,21324.5808333333
"282","2018-19 - IND",21070.6166666667,10735.1465166667,13817.28745,-3061.71958333333,13476.1299166667,11551.6344,1945.86146666666
"283","2018-19 - LAC",21893.3483333333,-488.917149999996,1052.14708333335,-1522.06091666668,4104.43808333334,-3505.97033333332,7661.39713333333
"284","2018-19 - LAL",21328.9483333333,-883.398899999987,396.602833333339,-1238.74748333333,-2476.26773333332,1193.75625,-3667.99909999999
"285","2018-19 - MEM",19070.09,-2032.26431666667,3042.56858333333,-5050.39808333334,-4397.12380000001,5077.43735,-9482.66716666667
"286","2018-19 - MIA",16821.53,4658.76656666666,6778.51575,-2142.0216,6869.67038333333,9494.01766666667,-2614.44211666667
"287","2018-19 - MIL",22083.1633333333,29657.2998833333,18049.9684666667,11656.6009833333,29606.2559666667,14325.85795,15311.34825
"288","2018-19 - MIN",20181.375,6642.98646666667,283.476350000005,6282.54653333334,1598.16156666666,-4904.84576666667,6556.50454999999
"289","2018-19 - NOP",18884.4383333333,3525.84408333332,-1720.38751666667,5225.36119999999,1509.92138333333,-1915.52503333333,3440.19079999999
"290","2018-19 - NYK",18644.9483333333,-22119.3110166666,-5580.15548333333,-16521.6555,-20006.0239166667,-5706.0371,-14315.83945
"291","2018-19 - OKC",20679.0566666667,15314.3675833333,8621.7302,6631.60108333333,16469.2476833333,11251.2886833333,5186.57359999999
"292","2018-19 - ORL",19506.3116666667,1910.18758333334,4510.45603333333,-2586.71784999999,6961.69038333334,7321.73656666667,-397.718116666657
"293","2018-19 - PHI",20912.7783333333,7211.75851666667,-33.3232499999948,7246.21193333333,10136.3699,3581.91291666668,6554.0066
"294","2018-19 - PHX",19917.7566666667,-13595.9495333333,-8583.6168,-5001.69988333334,-21327.9375166667,-12141.5369833333,-9210.57168333334
"295","2018-19 - POR",21511.975,18688.4983166667,2608.05758333334,16056.1405833333,19193.20475,2215.79931666667,17012.2047833333
"296","2018-19 - SAC",20595.5883333333,-6936.66113333333,-5447.22883333333,-1402.07455,2018.18109999999,-340.401283333338,2338.03963333333
"297","2018-19 - SAS",19474.8716666667,3965.34611666665,-387.785166666674,4336.33149999999,11005.7751166666,-1158.14293333334,12175.8350333333
"298","2018-19 - TOR",20283.465,18594.35205,9302.95868333332,9236.58636666666,27865.4060833333,12560.1458166667,15263.4394
"299","2018-19 - UTA",19736.9333333333,22547.9931666667,15452.0717666667,7126.95815000001,22876.8307666667,17820.8231,5003.83230000001
"300","2018-19 - WAS",19383.3966666667,-1151.95943333334,-6066.10018333334,4929.42323333334,-7931.83586666667,-11171.1944,3232.40991666667
"301","2019-20 - ATL",17901.7,-12309.9617333333,-11179.1369,-1122.61136666667,-15734.1121833333,-11044.9968833333,-4668.45776666667
"302","2019-20 - BKN",17531.9083333333,3400.52771666666,115.885566666668,3285.39629999999,856.359799999996,1589.47995,-678.054283333342
"303","2019-20 - BOS",17430,12229.9919333333,4942.72738333333,7310.00001666667,20066.82455,9541.85253333333,10507.3853166667
"304","2019-20 - CHA",14782.735,-19259.11185,-11130.7402333333,-8139.52801666666,-16376.1763833333,-8249.96218333333,-8114.30071666666
"305","2019-20 - CHI",15675,-6252.02218333333,-1104.43438333333,-5102.82873333334,-7634.4468,1317.49818333334,-8930.21655
"306","2019-20 - CLE",16364.5316666667,-16193.3575666667,-9807.73328333333,-6426.09785,-18393.61285,-11847.81435,-6545.88015
"307","2019-20 - DAL",19423.5816666667,12215.94205,-3283.16183333332,15533.6980833333,18066.3876333333,54.3113333333288,18055.3257166666
"308","2019-20 - DEN",17987.9133333333,7796.79123333334,-1223.10861666667,9065.02190000001,7403.88145,1099.09961666666,6314.45083333334
"309","2019-20 - DET",14479.7366666667,-7547.98328333335,-6503.32395,-1093.08286666668,-5373.11146666668,-5985.07453333334,595.183233333321
"310","2019-20 - GSW",11068.8016666667,-5313.23643333334,1703.52926666667,-7021.01968333334,-10501.6529666667,-5287.40573333333,-5220.94660000001
"311","2019-20 - HOU",18448.6866666667,14558.7747,-627.369300000001,15189.1692666667,13628.7468833333,3409.72273333333,10217.1278833333
"312","2019-20 - IND",17620,6001.54923333333,4368.7515,1594.70451666667,7433.86638333334,5700.99373333334,1766.76055
"313","2019-20 - LAC",17309.4683333333,20112.6522666667,6965.22803333333,13144.3413666667,23170.3720166667,9293.04551666667,13880.0973666667
"314","2019-20 - LAL",17659.6383333333,17197.9432666667,8718.47110000001,8455.50710000001,17710.2276666667,11524.3125666667,6195.41018333334
"315","2019-20 - MEM",16886.1633333333,2867.63090000001,5132.56790000001,-2252.12033333334,540.924516666666,6107.0569,-5584.00300000001
"316","2019-20 - MIA",19292.3216666667,5092.50253333334,-2831.53929999999,7951.75066666666,10190.0104333333,286.929866666672,9884.31031666666
"317","2019-20 - MIL",18311.9416666667,32804.2529166667,23450.1580166667,9350.61156666668,27252.8981666667,20031.9968,7229.35600000001
"318","2019-20 - MIN",12846.15,-7970.36358333333,-4852.25015,-3106.74591666667,-6752.50014999999,-5200.68585,-1542.53708333333
"319","2019-20 - NOP",17430,-2211.35271666667,-2790.97926666667,512.51288333334,589.147500000007,-2887.70156666667,3500.70906666667
"320","2019-20 - NYK",16091.79,-9385.86755000001,-2126.98075,-7234.97620000001,-14215.3063333333,-4604.87155000001,-9617.56483333334
"321","2019-20 - OKC",17405.7583333333,3651.27783333332,923.257533333336,2709.47586666665,10149.5143333333,5131.42100000001,5025.53803333332
"322","2019-20 - ORL",18558.0816666667,2963.30826666666,2824.178,149.226933333331,1733.11381666667,1837.95098333333,-119.325016666667
"323","2019-20 - PHI",19562.2766666667,2658.16761666665,2397.95529999999,249.532549999994,6334.54193333333,3953.95926666666,2370.4884
"324","2019-20 - PHX",17086.1033333333,5533.84238333333,-33.5527666666702,5610.31416666667,5253.18678333333,-1398.20838333334,6618.84171666666
"325","2019-20 - POR",16477.8783333333,5146.19841666665,-3435.54275000001,8590.35631666667,2049.17426666665,-10497.8401833334,12554.6343166667
"326","2019-20 - SAC",18651.495,1372.5769,-3720.65635,5097.08605,-1064.29318333334,-2183.67948333333,1063.13048333333
"327","2019-20 - SAS",17080.0333333333,4468.74041666666,-1641.97683333333,6118.01395,630.5559,-5093.59466666666,5723.45948333333
"328","2019-20 - TOR",17397.495,9294.14158333334,8123.83421666668,1170.02501666667,18415.2718833333,14580.5403833333,3846.17651666667
"329","2019-20 - UTA",17384.2016666667,9554.1848,1725.61983333333,7827.52891666666,13305.6524166667,3703.04333333334,9579.61931666667
"330","2019-20 - WAS",17924.6083333333,-7510.77075,-7035.86375,-505.551016666663,-10837.0311666667,-12462.2309166667,1648.76865000001
"331","2020-21 - ATL",17921.145,1974.50951666667,-6250.36636666667,8238.51845000001,10878.6341,-1574.40548333333,12410.0081
"332","2020-21 - BKN",17934.4683333333,10257.4680166667,-4418.18803333334,14644.33445,14613.8642333333,-4232.13036666667,18840.5676166667
"333","2020-21 - BOS",16570.9183333333,1277.30966666666,1853.57883333333,-596.25548333334,4647.77679999999,-1074.4621,5720.29443333332
"334","2020-21 - CHA",17980.14,-6687.4868,-2789.23778333334,-3915.8977,-1619.51581666667,-580.726666666675,-1025.30133333333
"335","2020-21 - CHI",19033.4616666667,-6761.64648333333,-3425.92706666667,-3303.16475,-1009.80325,-1074.15333333333,64.6414166666671
"336","2020-21 - CLE",17037.9266666666,-8157.33571666666,-1934.12535,-6256.50311666666,-17274.1979833333,-5364.26831666666,-11861.0153333333
"337","2020-21 - DAL",17331.2566666667,5477.61458333333,-3816.76488333333,9296.61276666666,10822.2067166667,-2732.03353333333,13565.85965
"338","2020-21 - DEN",18125.6666666667,15627.99645,785.138300000001,14847.6839333333,18677.14565,691.700516666664,17999.4549166667
"339","2020-21 - DET",16524.8916666667,-13855.2085,-5713.96856666667,-8150.98246666667,-11614.2075833333,-2872.20236666667,-8753.41491666667
"340","2020-21 - GSW",16747.06,7359.8457,7430.84788333333,-32.3913166666696,9557.77295,6968.11115000001,2600.4518
"341","2020-21 - HOU",15982.855,-2446.47399999998,-2096.33044999999,-359.089899999989,-11077.6679833333,-6080.62103333333,-4976.99428333333
"342","2020-21 - IND",17489.1633333333,1890.87948333334,762.414850000001,1105.13813333333,3378.8731,308.846399999996,3082.08471666667
"343","2020-21 - LAC",17216.6733333333,8706.89605000002,4433.96066666668,4262.88418333334,22841.2425166667,5708.64515000002,17193.55215
"344","2020-21 - LAL",18540.26,6004.37990000001,9124.84934999999,-3132.06758333332,9266.97678333334,12683.90435,-3411.94596666665
"345","2020-21 - MEM",17033.6883333333,9773.37473333332,3943.11356666667,5796.09563333332,8140.04131666665,3370.71501666667,4776.35193333332
"346","2020-21 - MIA",17213.835,5094.96191666666,2256.33403333333,2810.16495,4100.86386666667,3825.80595,260.700033333333
"347","2020-21 - MIL",18522.1933333333,18079.6471,11148.7012833333,6945.76238333333,16906.0941333333,1778.09198333333,15120.7793333333
"348","2020-21 - MIN",17405,-393.337250000008,-1176.38351666668,713.315100000003,-9376.0206,-7622.91743333334,-1744.01983333333
"349","2020-21 - NOP",17330.42,8670.45185,-1135.25481666667,9790.35451666666,1553.39488333333,-5616.44771666667,7143.60978333333
"350","2020-21 - NYK",17326.1233333333,-8485.93626666667,477.953983333331,-8948.21316666666,9863.50220000001,10794.7682666667,-931.266066666665
"351","2020-21 - OKC",16270.5466666667,-15902.2507333333,-4353.56986666666,-11577.8859333333,-18265.2596833334,-4078.53223333333,-14226.1329833334
"352","2020-21 - ORL",15023.2733333333,-11284.7574,-2559.44895,-8751.9329,-19093.12365,-3994.9112,-15103.5142833333
"353","2020-21 - PHI",18451.46,13077.6502333333,10088.7810333333,2979.87138333333,15711.6369,10781.6067166667,4952.96521666666
"354","2020-21 - PHX",17587.4783333333,12631.3954166667,1171.04503333333,11448.38495,19111.7421166666,3501.47473333333,15589.3047333333
"355","2020-21 - POR",16593.985,6563.44221666667,-4981.18476666667,11583.4689833333,10716.4734166667,-8188.61963333334,18913.1366666667
"356","2020-21 - SAC",17616.2683333333,919.932466666655,-7576.96056666667,8461.80759999999,-3655.56246666668,-9728.9421,6125.87906666666
"357","2020-21 - SAS",17793.7516666667,3980.39903333333,1376.96075,2603.69344999999,-780.150333333334,-823.432566666659,56.0308833333254
"358","2020-21 - TOR",18206.4383333333,1068.97805,2641.78920000001,-1606.13796666667,330.925783333332,-1798.81851666666,2078.67393333333
"359","2020-21 - UTA",17491.495,17145.14555,6868.43736666668,10219.27345,32742.50855,14276.3752166667,18488.0878333333
"360","2020-21 - WAS",17191.84,6026.25794999999,3309.02623333334,2743.02949999999,417.773233333325,319.064366666673,67.1115666666517
"361","2021-22 - ATL",18924.4866666667,10232.0029166667,-2072.63903333333,12254.59295,12462.1369666667,-5292.2462,17790.7069833333
"362","2021-22 - BKN",18840.9233333333,4744.04686666668,-3206.99821666667,7970.34585000001,8106.48005000001,-1083.68611666666,9163.38291666668
"363","2021-22 - BOS",19118.5516666667,21083.3052666667,12726.6539,8359.25493333334,32052.4168333334,19510.3251333333,12541.7558833333
"364","2021-22 - CHA",20583.2383333333,7126.50448333332,-2141.80035,9244.51009999999,11880.21815,-1671.2943,13507.5690666667
"365","2021-22 - CHI",20173.025,2939.46061666667,-530.892299999998,3465.41811666667,5235.67451666667,-3987.38306666666,9223.90873333333
"366","2021-22 - CLE",20366.07,9689.58921666667,6031.14063333334,3691.8419,9636.40476666667,5383.16613333334,4261.35271666666
"367","2021-22 - DAL",20192.1416666667,7501.3784,55.154250000003,7450.89135,15668.3152,6736.34591666667,8938.59238333332
"368","2021-22 - DEN",20718.34,8253.15268333334,-3274.46838333332,11567.7554666667,13172.7227166667,1364.37605000001,11805.1238666667
"369","2021-22 - DET",18958.4283333333,-11466.4899166667,-450.538350000007,-11013.24175,-16111.1416333333,-2783.46845000001,-13339.0042
"370","2021-22 - GSW",19702.2666666667,15745.9436333333,10541.0361666667,5195.41718333334,21838.0002833333,15656.9035,6187.16798333334
"371","2021-22 - HOU",19237.4066666667,-24041.8471166667,-14042.0042666667,-9939.91714999999,-22598.7927333333,-13838.2683,-8706.31356666666
"372","2021-22 - IND",17958.6183333333,621.11974999999,-6229.18021666667,6762.1264,-3534.87801666667,-8695.56361666667,5152.72828333333
"373","2021-22 - LAC",20843.5216666667,-1701.21306666667,4588.06361666667,-6332.0401,3387.89353333332,3411.99869999999,-14.078550000005
"374","2021-22 - LAL",19720.4666666667,-7143.11606666667,-7105.48686666667,-40.0683000000035,-4434.52231666667,-5001.45878333333,591.723766666665
"375","2021-22 - MEM",19772.3166666667,18490.7322666667,7091.47128333333,11400.7614666667,21824.92645,8877.51875,12919.2281833333
"376","2021-22 - MIA",20189.9683333333,6078.75531666667,4848.57783333333,1222.88841666667,19089.4304833333,10056.2212833333,9014.02686666667
"377","2021-22 - MIL",19884.5333333333,13101.8096333333,5536.5332,7542.12023333333,18327.2460333333,3973.07069999999,14361.1673333333
"378","2021-22 - MIN",19889.86,6345.12435,-2653.30315,8996.01805,10405.4706666667,263.559716666665,10168.58335
"379","2021-22 - NOP",19386.015,9515.31465,1044.30821666666,8502.95023333333,3341.91290000001,-1591.44686666666,4908.22320000001
"380","2021-22 - NYK",20462.3966666667,-3964.27203333334,-2842.58420000001,-1121.48241666667,3051.02911666666,4044.15794999999,-968.360600000002
"381","2021-22 - OKC",19852.795,-14418.4529666667,-1218.73576666667,-13205.92185,-17777.0377833333,365.800899999996,-18179.4793666667
"382","2021-22 - ORL",19496.72,-10563.0527666667,3118.21561666667,-13709.3921833333,-17292.1219666667,576.809266666664,-17879.50735
"383","2021-22 - PHI",19791.03,8598.32989999999,46.2384833333274,8530.6459,13656.8749666667,3658.80656666666,10016.7492
"384","2021-22 - PHX",21046.6383333333,17612.7675833333,8330.47259999999,9296.86794999999,24634.6910666666,12218.7102,12415.5838166667
"385","2021-22 - POR",19489.6316666667,-12521.891,-4846.26981666667,-7707.69433333334,-16142.8633,-5881.27856666667,-10279.7308666667
"386","2021-22 - SAC",21004.7333333333,-6604.68156666666,-2837.29833333333,-3746.52055,-11962.2207833333,-7395.52189999999,-4584.39985
"387","2021-22 - SAS",18506.625,5851.61705000001,753.37088333334,5101.84058333334,3151.40035000001,-2846.67588333333,5985.30033333334
"388","2021-22 - TOR",20756.3383333333,12058.1888,5758.48171666667,6282.94485000001,13653.8310833333,7282.2953,6345.72820000001
"389","2021-22 - UTA",20345.4883333333,18371.1617166667,3317.02523333333,15053.7493166667,20966.1350166667,3631.63748333333,17345.1114166667
"390","2021-22 - WAS",18537.425,-1864.9688,-253.232649999998,-1626.80755,-8646.87525,-7399.31518333333,-1261.84816666667
"391","2022-23 - ATL",21734.09,3504.83306666666,-6563.30296666667,10037.4575833333,4656.21801666666,-4089.08125,8806.91928333333
"392","2022-23 - BKN",22066.2066666667,6726.03213333334,3463.5781,3190.33675,4832.02180000001,2019.56098333334,2832.45553333334
"393","2022-23 - BOS",20612.925,14688.43175,6615.60161666666,8066.48421666667,26213.57025,11301.4153,14880.3995666667
"394","2022-23 - CHA",16780.285,-7654.64331666668,-1739.62576666668,-5938.81318333333,-11408.5861166667,1391.09668333333,-12781.2146666667
"395","2022-23 - CHI",20556.7716666667,3897.82139999999,6157.04160000001,-2242.10263333335,6569.73881666666,8535.45753333334,-1954.10043333335
"396","2022-23 - CLE",19102.63,19236.89795,13683.18075,5532.1436,20755.3597333333,11489.9557,9232.29158333334
"397","2022-23 - DAL",19010.1616666667,-3243.56526666667,-9589.01856666667,6312.3941,7439.21339999999,-5164.2853,12607.0737666667
"398","2022-23 - DEN",20833.41,6901.70161666668,-2058.53498333333,8986.87378333335,14994.044,3782.4796,11238.4833333334
"399","2022-23 - DET",18455.3683333333,-20497.2121333333,-10052.6885666667,-10435.8431166667,-22410.0230166667,-11485.1553,-10993.0170666667
"400","2022-23 - GSW",19823.115,4667.82086666668,3901.09945,767.204050000011,11055.43295,4015.82041666667,7068.02270000001
"401","2022-23 - HOU",17546.845,-9610.29156666666,-8506.09655,-1125.83491666667,-16340.5398333333,-12261.9986166667,-4130.59646666667
"402","2022-23 - IND",20588.905,-5439.34361666667,-5306.17071666667,-162.424883333334,-7497.55518333333,-9260.78893333333,1758.67673333333
"403","2022-23 - LAC",22805.3783333333,1275.31743333334,220.694633333332,1072.92526666667,527.817166666669,-4247.0364,4796.11183333333
"404","2022-23 - LAL",21451.4883333333,-569.01163333334,-3382.62648333334,2873.05203333333,5835.7953,3170.99561666666,2683.28945
"405","2022-23 - MEM",20461.56,16802.2004333333,9434.31933333331,7360.98263333333,15811.45515,11271.71915,4532.5596
"406","2022-23 - MIA",20144.11,8323.14348333334,5484.15555,2832.0193,5063.50868333334,4784.8243,292.966683333339
"407","2022-23 - MIL",19136.3916666667,13126.89025,10471.98015,2609.83049999999,17929.4646166667,12046.9576833333,5813.92079999999
"408","2022-23 - MIN",19982.9133333333,2382.21948333333,4176.76849999999,-1784.14416666666,5029.35988333333,4395.17933333333,637.088033333339
"409","2022-23 - NOP",20040.6016666667,-1473.70253333333,-1391.85203333332,-96.2671833333358,7963.37223333335,5140.89640000001,2867.24166666667
"410","2022-23 - NYK",22022.6816666667,15819.48645,-641.70096666667,16461.1874166667,20880.9583666667,2589.06908333333,18301.2125
"411","2022-23 - OKC",18938.2316666667,1341.38046666667,744.055799999998,617.921283333337,4850.28685000001,1748.9736,3074.04671666667
"412","2022-23 - ORL",17996.7166666667,-2441.8203,1593.09251666667,-4034.91281666667,-2721.71691666666,2421.32998333334,-5121.19321666666
"413","2022-23 - PHI",21115.8266666667,6877.42466666667,888.824733333337,6040.82406666667,17485.0131333333,3678.97976666667,13805.8171
"414","2022-23 - PHX",19785.7066666667,6516.75166666666,3391.60255000001,3133.84374999999,9422.60838333333,4546.61878333334,4903.21976666666
"415","2022-23 - POR",19298.7316666667,-7337.95091666667,-5295.98168333334,-2033.7777,-10764.3829333333,-9690.07416666666,-1042.68239999999
"416","2022-23 - SAC",19909.5066666667,9955.85998333334,-3083.73763333334,13085.4456666667,10400.96625,-6496.95541666667,16917.1434
"417","2022-23 - SAS",18381.855,-13302.5012666667,-7738.58101666667,-5562.17685,-21422.10965,-13493.64945,-7898.91493333334
"418","2022-23 - TOR",21613.5716666667,16222.4146666667,8422.99338333334,7732.65973333334,7001.97723333335,3481.51691666667,3590.60551666667
"419","2022-23 - UTA",15844.5316666667,3185.07760000001,-2466.28208333333,5650.78278333334,4581.94838333334,-278.270783333325,4885.40038333333
"420","2022-23 - WAS",18809.4833333333,3063.7925,1418.0658,1682.67603333333,3216.01813333335,-2427.09238333333,5664.53225000001
